lii,bii,t90
301.87,-27.58,
304.19,-28.28,   0.240
305.12,-26.67,  30.144
301.67,-25.25,   8.384
305.78,-25.75,   3.328
298.09,-24.59,  73.472
309.09,-26.86,  36.992
308.19,-30.69,  13.184
308.2,-31.83, 328.448
301.48,-20.37,
299.43,-33.62,
310.85,-29.08,   7.296
307.69,-33.49,  69.504
305.63,-19.89,  34.880
293.98,-28.85,
296.98,-20.36,  21.248
305.38,-35.83,  81.472
298.14,-35.57,   0.675
293.07,-30.89,  33.024
298.8,-35.91,   0.128
293.68,-22.41,  26.720
313.82,-27.54,
293.55,-22.33,
305.52,-17.64,  68.032
307.97,-17.78,
314.8,-27.44,   0.768
312.89,-21.38,  67.840
311.04,-18.79,   1.039
315.03,-21.48,   3.904
292.84,-36.73,   0.896
310.3,-16.06,  11.712
312.23,-17.11,   2.284
317.19,-31.69,
292.29,-36.99,
308.45,-14.79,
313.79,-36.98,  49.472
315.22,-35.77,   0.640
316.22,-35.72,  70.976
319.04,-28.72,  60.800
288.17,-33.77,   0.128
289.57,-36.18,  31.232
315.92,-18.43,  56.064
313.65,-15.95,  96.128
313.53,-39.24,   6.016
300.22,-42.25,  13.696
294.39,-40.79,
306.24,-12.05,   0.304
294.62,-13.82,  18.112
315.85,-17.14,   1.461
295.28,-41.82,  17.408
284.91,-28.93,   0.637
318.41,-19.7,  17.344
285.42,-23.32,   0.960
315.61,-39.54,   0.512
285.53,-22.94,   0.075
285.69,-22.47,   0.896
312.59,-13.33,
288.36,-17.23,  19.904
306.23,-10.69,   1.984
300.98,-44.08,  13.056
321.13,-22.63,
295.04,-43.06,
311.21,-11.69,   2.176
289.69,-40.67,   0.164
286.94,-38.35,  14.400
293.5,-11.92,
314.66,-41.95,   0.896
322.5,-32.65,   5.248
283.36,-32.77,
320.41,-19.15,  82.880
319.61,-17.52,   0.620
319.93,-38.79, 181.088
303.26,-45.51,   0.064
299.29,-8.34,
316.5,-12.27,   1.792
281.73,-34.36,   0.240
287.71,-13.38,   1.439
312.88,-9.66,  69.472
291.5,-10.35,  28.928
281.48,-21.81,
280.44,-25.26,  41.984
316.92,-44.02,   9.344
318.94,-13.08,   0.359
325.63,-23.42,   0.464
319,-12.63,
279.29,-31.01,
317.89,-11.38,
282.62,-17.13,   2.816
279.85,-36.05,  66.976
281.7,-39.69,
319.1,-44.48,  13.312
303.14,-48.81,  57.280
314.84,-46.75, 189.952
320.46,-12.69,   3.200
327.1,-23.91,
323.03,-41.92,  10.528
319.27,-45.03,
310.71,-48.67,   1.920
284.1,-43.56,
293.54,-48.32,   0.832
305.66,-4.74,  20.544
304.06,-49.8,   2.970
301.85,-49.98,  30.336
329.08,-28.89,   0.452
293.95,-5.54,  38.720
277.14,-24.87,
293.16,-5.76,  83.072
328.33,-22.26,  32.000
321.82,-11.56,
289.54,-48.34,  43.648
279.19,-40.6, 356.672
328.14,-21.04,   6.592
294.09,-4.9,
318.37,-8.28,  14.528
285.23,-10.05,
289.1,-48.47,  40.320
288.32,-7.63,
295.81,-50.53,   0.320
311.95,-4.69,  32.032
330.16,-29.71,   0.624
291.25,-5.67,   0.176
312.74,-4.81,
325.72,-15.34,
289.61,-6.18,   2.432
301.15,-2.67,  21.024
330.04,-24.2,   9.280
331.06,-31.6,  48.320
275.61,-36.94,   0.052
331.05,-26.3,  39.232
320.83,-8.52,   9.600
324.31,-45.8, 102.912
282.72,-10.48, 182.784
326.66,-43.75, 132.256
298.66,-2.1,   1.280
290.89,-4.51,   0.055
312.26,-3.38,   9.984
329.32,-19.25,  18.880
274.56,-25.22,   8.512
285.88,-48.97,  27.456
280.03,-13.05,
292.28,-3.4,  50.368
275.66,-19.7,
332.15,-26.27,  33.216
315.24,-3.8,  32.256
273.35,-27.21,  34.688
274.45,-38.62,  52.096
311.95,-2.16,
324.03,-47.8,  52.416
332.89,-28.32,  45.888
305.37,-0.75,  92.704
330.45,-18.98,  21.248
281.11,-47.66,  30.400
303.87,-53.87, 116.032
300.38,-0.47,  31.168
278.32,-13.27,  48.384
273.43,-37.83,  19.200
302.2,-54.07,
322.66,-7.71,  35.264
286.75,-51.15,   5.504
332.48,-37.88,  10.112
278.24,-13.13,  31.104
308.42,-53.82,   1.958
294.91,-53.61,  61.216
320.49,-50.77,  37.056
313.29,-1.83, 221.184
329.08,-14.92,   0.564
302.63,0.17,  68.352
302.96,-54.46,  35.328
318,-52.09,
283.08,-7.13,   9.472
305.57,0.37,  86.336
333.32,-23.65,
324.92,-8.85,   7.040
322.73,-6.72,   0.960
325.71,-9.41,
277.97,-11.93,  15.808
323.63,-7.2,
322.28,-5.98,   0.384
276.34,-45.86,   0.419
310.55,0.16,   0.602
335.24,-32.48, 112.192
308.01,1.12,
313.2,-0.19,  52.416
331.2,-15.49,
326.83,-49.22, 134.496
272.27,-41.9,  25.472
271.48,-40.41,   1.280
272.33,-19.3,
303.49,-56.31,  30.720
333.97,-41.59,   0.364
270.16,-36.86,   0.583
314.1,-55.52,   1.408
325.11,-6.44,   1.152
322.71,-4.34,  66.560
269.18,-30.18, 253.952
288.9,-55.06,   0.448
282.44,-52.89,
280.74,-5.76,  49.152
313.79,1.22,  36.864
307.21,2.81,  33.024
288.71,-0.12,
309.56,2.47,   8.896
311.84,1.98,
274.33,-12.44,   2.368
269.2,-23.42,   5.184
319.29,-0.79,
269.79,-20.84,
316.97,0.68,  72.512
311.26,-57.5,  60.032
271.12,-16.96,  81.728
275.57,-50.49,
274.81,-10.41,
270.5,-17.31,  22.656
278.47,-52.85,  90.176
324.65,-3.36,
268.07,-40.28,  13.824
276.52,-7.67,  48.064
307.53,-58.72,  13.568
329.4,-7.59,   4.864
334.45,-47.26,   0.240
288.68,1.58,  44.736
286.79,0.81,   0.192
334.33,-14.17,  12.800
290,2.35,  67.392
277.43,-5.95,   0.248
333.9,-12.88,
267.43,-41.26,
339.23,-26.34,  26.240
338.3,-41.86,   9.408
277.75,-53.73,  31.488
281.74,-55.79,  16.832
268.84,-18.41,   1.973
332.86,-10.78,  57.984
278.2,-54.39,  54.336
323.15,-56.52,  20.736
333.26,-10.94,   3.264
332.75,-50.92,  12.224
340.55,-33.66,  12.672
337.12,-17.27,
337.77,-18.42,  11.392
312.04,4.84,  42.752
285.22,1.34,  13.312
331.13,-53,  23.552
270.93,-49.9,
338.65,-19.78,  79.296
311.7,5.3, 253.280
270.36,-12.93,  53.824
282.2,0.01,  20.544
285.18,1.89,   0.192
336.79,-48.45,   6.528
264.31,-35.8,  28.096
318.43,3.21, 114.112
292.45,5.24,  70.656
341.67,-29.63,   3.456
281.44,-0.04,  76.256
295.72,6.27,
335.81,-11.98,
341.81,-38.9, 129.024
289.37,4.77,
277.08,-56.23,
282.32,1.14,
272.21,-8.42,   0.608
264.03,-26.16,   0.901
341.53,-24.66,   0.768
322.15,-59.17,  11.520
307.11,7.34,
264.55,-43.73,  54.336
314.04,-61.44,  81.344
270.95,-9.1,   2.432
339.06,-48.69,   0.820
318.24,4.84, 206.272
296.33,-62.08,
332.47,-5.79,
263.47,-25.13,
263.42,-25.12,  22.784
309.1,-62.35,  55.296
279.49,0.37,
282.38,2.44, 102.272
281.27,1.8,   0.202
262.81,-41.42,   1.088
328.33,-0.9,  47.744
338.91,-13.98,  50.848
315.43,-62.32,   0.512
338.39,-51.74,  37.760
276.25,-1.5, 296.960
269.47,-9.24,   0.128
312.39,8.06,  42.368
317.77,-62.16,
284.24,4.47,  52.992
264.39,-47.94, 142.048
341.75,-19.14, 124.160
344.85,-34.29, 355.072
342.69,-21.45,  60.096
263.08,-45.86,  82.176
306.98,9.24,  20.736
344.33,-27.27,   0.015
344.01,-42.97,
260.97,-38.7,  10.240
339.69,-51.39,  30.848
274.02,-57.97,   9.024
344.49,-26.66,  34.880
343.71,-22.44,   0.192
268.01,-54.39,  17.536
268.02,-54.4,
262.49,-47.24,  40.448
276.86,0.6,   3.904
336.74,-55.59,  39.680
336.03,-56.15,   0.092
289.72,8.18,  44.928
270.04,-6.22,1307.008
344.09,-22.05,  56.512
344.57,-45.42,   0.544
333.1,-2.85,
346.48,-34.84, 115.328
343.76,-20.15,   0.160
320.77,6.61,  31.296
260.21,-26.37,
342,-51.23,  38.144
293.04,9.69,  15.680
301.16,10.89, 215.040
279.6,3.63,  36.512
324.19,5.08,
341.22,-52.85,   0.262
271.02,-3.82,  82.688
337.45,-7.03,
304.53,-65.63,  24.512
259.68,-44.83,  25.024
347.35,-39.61,  18.176
266.29,-55.53,
310.77,-65.76,
301.97,11.8,   0.192
335.7,-59.03,   0.608
271.74,-1.89,  29.696
278,-62.86,   0.448
261.99,-16.33,  12.224
335.66,-3.1,  28.896
342.58,-54.19,   3.712
342.5,-54.91,   0.104
257.01,-41.77,   8.192
349.28,-36.54,   3.200
313.24,-66.73,   6.976
311.42,-66.92,   0.188
281.53,-64.91,  10.176
332.07,1.81,  67.392
279.33,6.34,   0.987
342.27,-56.53,   0.320
332.58,1.78,
259.56,-18.43,  38.080
331.46,-63.46,  61.952
263.15,-10.53,  44.096
264.77,-58.31,  31.232
345.27,-15.4,  20.608
260.53,-54.01,
265.15,-7.08,  48.512
257.05,-48,
260.19,-15.88,  29.440
255.21,-38.41,
275.35,4.37,   0.391
349.6,-26.93,   1.088
317.57,11.68,
309.88,13.71,
349.74,-27.16,
302.68,14.32, 119.808
301.78,-68.72,
267.07,-61.11,
257.58,-51.31,
351.22,-35.26,   1.792
257.52,-20.85,  46.720
255.37,-28.85,
272.18,2.3,   3.072
315.23,-68.33,
351.61,-37.78,  10.688
325.46,-66.84,
255.68,-24.89,   0.496
300.52,15.09,   0.768
325.84,8.9,  13.888
350.53,-26.01,   4.416
256.71,-20.9,  29.696
263.18,-7.43,  72.320
253.95,-30.85, 114.496
275.25,6.3, 219.584
352.24,-31.7,   0.384
287.68,-69.02,  25.504
344.34,-59.38,  16.320
341.07,-4.04, 131.648
253.18,-43.98,
268.58,-64.25,   0.104
269.7,1.81,
257.67,-16.24,   1.408
335.97,2.09,
304.04,16.13,  33.280
339.87,-2.09,   0.123
318.39,-69.58,
340.32,-2.42,
349.34,-18.12,  26.816
342.69,-5.54,   3.214
353.4,-43.77,  36.800
290.09,-70.21,  78.656
353.86,-42.68,  60.096
347.67,-58.18,  35.584
354.08,-41.76,  67.136
354.09,-36.18,
254.98,-20.71,  17.792
337.92,1.29,   0.896
261.74,-61.87,
332.99,6.15,
314.84,15.6,  24.576
349.24,-15.9,
351.88,-22.93,
264.56,-2.27,
251.47,-45.05,  11.264
351.67,-21.78,  16.992
354.23,-32.44,
296.35,16.85,   9.984
292.6,16.19,
315.55,-71.04, 239.552
353.69,-28.63,
354.9,-42.23,  31.104
269.86,3.96,  35.872
266.69,-65.51,
276.83,9.57,   0.192
309.13,17.05,   3.136
270.6,-67.43,   3.392
272,-67.9,  13.376
352.07,-54.44,  18.496
353.66,-27.04,   0.420
335.84,-67.31,  26.816
341.21,-64.96, 266.752
337.25,3.19,
350.24,-57.57,   0.384
348.51,-12.77,   1.954
343.67,-4.51, 170.560
250.44,-43.81, 616.256
355.34,-35.21,  16.064
301.82,17.92,   0.256
354.68,-30.19,  17.024
316.35,16.19,  88.576
337.15,-67.36,  20.736
355.82,-37.62, 200.032
267.85,3.06,
268.48,3.73,  23.744
306.49,18.11,
343.51,-3.49,  19.776
309.16,17.86,  64.014
351.87,-56.66,  51.840
249.81,-39.35,   1.344
285.54,15.02,  20.544
351.74,-18.62,  25.280
250.54,-30.33,   1.008
346.84,-8.08,   6.464
345.11,-64.37,  25.984
338.76,3.31,
249.32,-46.85,
268.43,-68.56,   0.704
343.39,-1.75,   4.864
322.18,15.34,
322.79,15.09,   0.100
249.98,-27.93,   0.768
257.47,-8.81,   0.132
335.17,7.55,   0.320
357.89,-44.19,  36.480
250.07,-26.43,  57.920
347.73,-7.05,  18.560
357.76,-34.76,  15.168
320.37,17.02,  27.712
357.82,-50.33,  22.144
279.94,14.82,   7.488
313.97,19.16,  16.704
307.53,20.26,   6.528
246.84,-43.55, 109.248
291.46,19.21,   0.051
269.89,-71.18,   2.070
249.19,-56.12,
247.12,-49.89,  39.296
349.96,-9.06,
357.45,-54.77,  43.584
357.9,-29.74,  16.128
325.91,15.34,
253.81,-12.8, 259.488
321.06,17.76,   8.576
346.38,-67.95,   0.186
356.27,-22.44,   1.408
251.27,-61.49,
353.87,-15.69,  23.680
266.04,5.68,   0.146
245.62,-45.26,  76.416
267.84,-71.64,  12.160
275.07,13.23,
349.05,-66.9,   0.076
252.93,-13.16,  49.984
355.72,-60.76,   0.576
359.49,-52.98,
245.43,-47.33,   0.276
272.94,12.25,
257.79,-68.19, 140.064
295.88,21.44,   8.832
354.55,-15.61,  89.344
359.13,-28.72,  10.112
286.71,19.57,  39.936
327.52,15.99,  72.128
303.96,-76.41,   4.288
0.46,-34.58,  26.048
357.11,-61.07,
359.06,-26.88,  84.224
1.72,-43.88,  49.152
311.72,21.79,   0.448
353.36,-11.64,  76.416
351.63,-8.28,  87.616
333.93,12.45,
0.9,-34.04,   1.168
337.86,-73.37,   0.036
326.38,-75.51,   2.496
354.98,-14.74,
260.8,-71.44,  58.656
245.4,-29.75,  37.376
263.48,5.44,  51.968
289.81,21.49,
276.38,16.12,
244.67,-56.73,  17.344
2.3,-37.85,  80.128
244.07,-55.41,   0.128
355.92,-14.95,   1.408
0.16,-26.55,   1.247
243.9,-33.92,   0.560
0.27,-60.58,   0.064
358.61,-63.27,
356.98,-16.92,  86.240
317.4,21.72,
260.02,-72.43,  37.824
328.86,17.12,  22.912
0.28,-25.24,  55.232
282.92,20.09,   0.384
251.51,-10.38,  49.600
242.15,-50.91,   0.832
3.04,-36.45,  16.192
241.86,-44.27,
329.67,17.03,  16.448
276.37,17.16,
359.3,-21.39,  37.632
350.6,-71.18,   1.216
0.29,-62.81,  39.808
245.09,-25.51,
251.92,-69.5,  13.632
359.86,-22.37,   0.256
287.82,22.24,   0.384
275.21,16.95,  29.184
338.31,11.46,  17.472
323.12,20.68, 160.768
1.92,-28.06,   0.208
4.7,-42.61,
358.89,-18.66,
250.68,-10.3,   6.656
255.63,-1.81,   1.408
250.71,-10.08,  23.616
245.77,-65.2,
251.92,-7.46,  31.232
359.47,-67.54,  83.104
319.06,23.12,  23.680
239.56,-50.07,
354.33,-6.49,  52.672
274.44,18.04,
239.34,-45.07,  26.240
261.34,-76.16,  28.800
239.56,-57.16,  69.504
257.41,2.98, 130.240
241.93,-64.45,  11.200
6.63,-57.11,  60.480
301.66,26.26,   1.024
244.46,-20.61,  71.328
268.27,-78.22, 106.112
257.11,2.96,
322.57,22.96,  28.416
316.8,24.81, 100.448
252.15,-74.14, 152.000
250.95,-5.85,  10.176
259.27,6.35,  63.616
8.03,-53.73, 115.008
285.21,23.97, 152.800
357.68,-72.57,
263.73,11.15,  10.944
275.97,20.12,   0.256
5.49,-31.36,
331.25,19.53,   4.512
240.03,-32.04,   1.472
287.6,25.04,
8.68,-51.16,  28.544
244.74,-71.2,   0.173
239.52,-32.64,
7.4,-62.76,   0.768
244.9,-16.38,  55.136
277.14,21.6,  59.072
246.82,-73.67,
299.97,27.57,   3.904
275.61,-80.82,  29.184
357.21,-7.74,  64.576
7.99,-63.35,
252.85,-0.31,
235.89,-50.99,   0.096
238.65,-66.31,  51.680
340.42,14.49,  13.056
10.07,-59.23,  70.720
241.67,-22.15,   5.184
295.89,27.86,  24.832
324.34,24.36,   1.173
305.71,28.3, 131.008
308.54,28.26,
236.25,-39.31,   4.096
11.41,-54.4,  25.088
349.37,6.19,   6.080
314.88,27.59,   0.399
5.55,-24.14,
258.65,8.95,   0.522
264.32,-81.06, 108.512
9.98,-39.41,  93.248
245.82,-10.08,  45.696
235.79,-66.99, 224.192
303.83,29.24,
276.7,23.28,   0.591
241.67,-19,
10.63,-66.95,
301.83,29.46,  18.944
282.1,25.8,  58.432
311.02,-83.7,   0.945
258.24,9.64,  54.432
335.28,20.3,   6.656
236.31,-33.7,  22.976
247.38,-5.69,  37.248
322.2,26.7,   6.400
341.73,15.63,
236.92,-30.81,
9.55,-72.15,   0.617
11.38,-39.31,  34.176
335.76,-83.17,  15.552
232.3,-51.92,   0.056
235.35,-35.46,
279.27,-83.93,
251.51,1.96, 120.640
246.8,-5.65,  36.096
231.7,-58.82,   0.832
252.33,3.55,  14.208
10.16,-73.49,   6.976
240.46,-18.57,   3.776
326.43,25.91,   4.135
9.61,-74.25,
320.27,28.21,
234.6,-35.69,  25.664
350.53,7.85,
7.37,-23.09,  40.000
349.88,8.73,  84.160
276.7,24.98,   0.128
230.91,-63.11,   1.792
253.88,-82.23,
313.04,30.18,   4.032
342.56,16.48,  44.928
309.48,31.03,
256.96,10.77,   0.894
16.25,-57.7,   1.024
13.62,-40.95,  20.480
0.64,-5.96,  97.344
2.03,-8.57,
251.89,4.76,
229.18,-60.79, 189.056
13.7,-40.66,   0.960
9.82,-27.09,   3.635
229.1,-59.37,  31.328
229.96,-50.1,
353.16,6.3,  25.920
239.62,-17,  43.456
233.13,-76.39,
17.29,-66.51,
273.2,24.55,   7.680
238.49,-19.29,  21.440
254.97,9.62,   5.440
3.75,-82.13,
247.19,-1.26,   2.048
17.93,-66.69,   0.048
15.9,-46.38,  11.904
237.75,-19.94,  21.952
232.15,-36.34,  29.184
281.36,28.76,  35.776
233.56,-31.59,  44.800
3.24,-83.24,  41.728
10.52,-25.73,   7.232
353.88,6.79,   0.136
240.72,-12.05,
228.23,-50.26,  23.040
309.64,32.55,   0.218
312.3,32.22,
289.91,31.63,  15.680
226.11,-65.47,   0.581
308.98,32.67,
11.12,-26.26,  88.448
232.54,-32.24,  48.832
326.07,28.92,  36.480
317.09,31.64,  12.160
275.43,27.13,
308.57,33.02,  13.088
253.01,9.11,
287.29,31.43,  31.584
19.33,-54.77,
226.2,-76.02,
242.86,-6.35,   0.974
18.87,-50.87, 148.480
10.48,-83.81,   1.984
17.81,-45.8, 185.856
359.39,0.38,  90.944
237.24,-17.9,   0.064
299.7,33.57,  10.048
14.27,-33.05,
7.58,-15.16, 294.784
246.51,0.73,
223.72,-69.41,  26.912
12.13,-25.82,   3.200
3.61,-6.25, 116.544
224.61,-57.65,  26.688
310.16,33.78,
359.28,1.65,
23.12,-65.62,
6.64,-11.6,  62.784
351.24,12.66,
222.07,-71.09, 137.344
222.16,-68.75,   9.664
22.59,-60.74,
239.85,-9.89,
316.98,33.07,  58.048
314.89,33.53,   1.856
254.22,12.67,  20.800
302.41,34.67,  30.944
355.04,8.58,   9.120
24.56,-79.13,
220.89,-72.53,   7.360
225.16,-50.53,
270.47,26.56,   5.056
220.01,-71.64,
274.48,28.7,   1.600
313.81,34.2,
221.55,-62.82,  28.480
14.21,-27.86,   8.640
2.87,-2.17,
265.87,24.15,   0.116
316.43,34.15,  40.512
19.31,-41.45,   4.544
261.11,20.77,  21.312
17.32,-35.13,
26.62,-88.84,  13.920
12.05,-20.65,
342.5,22.65,   4.544
2.46,-0.52,  62.528
19.62,-41.39,  31.360
322.76,32.91,
36.25,-87.68,  88.384
292.14,35.09,
18.72,-38,   3.840
331.12,29.91,   0.392
213.22,-81.67,  57.888
329.55,30.92,   7.616
342.77,23.36,  42.752
240.55,-4.41,   2.624
209.89,-82.39,   0.896
24.95,-54.86,   1.918
356.2,10.19,   4.096
324.18,33.31,
218.75,-60.96,  49.408
287.66,34.99, 130.048
290.11,35.56,  42.752
353.55,13.71,   0.128
224.33,-42.88,  20.224
257.85,19.87,   3.200
236.69,-10.56,  49.344
329.82,31.88,   1.112
245.4,5.36,   0.256
317.91,35.65,  26.048
352.21,15.99,
206.58,-79.94,
251.72,13.98,   1.408
334.73,29.92,   9.280
272.14,30.46,  33.056
240.56,-1.88,   0.315
353.32,15.28,   0.896
238.82,-4.95,   8.704
226.35,-33.7,   0.384
215.58,-62.14,   1.152
341.73,26.12,   0.792
8.63,-7.31,
251.26,14.59,
40.09,-76.9,  80.640
217.34,-56.64,  56.000
248.41,11.28,  40.320
43.31,-79.05,
217.46,-55.89,
37.56,-73.35,   6.464
8.94,-7.15, 147.456
140.33,-87.2, 119.616
4.23,1.78,   1.664
210.45,-69.16,   8.448
243.04,4.17,   0.183
358.27,10.75,   0.804
212.78,-64.92,
262.01,25.4,
24.29,-43.64,   0.249
256.2,20.68,  21.120
329.84,33.56,  13.888
22.1,-37.26,   5.952
330.96,33.22,   0.154
319.19,37.04,   3.904
214.45,-60.1,  43.264
337.07,30.23,   0.116
228.3,-25.08, 204.416
359.87,9.15,
116.83,-86.82, 119.872
239.74,-0.54,
249.3,13.63,   8.384
268,29.92,
1.71,6.81,
226.38,-29.2,   2.267
221.39,-42.08,
228.32,-24.08,
203.38,-74.35,  36.320
17.87,-24.38,   0.192
289.38,38.19,  65.600
290.86,38.46,  15.680
43.96,-75.22,   4.352
27.6,-48.42,
26.05,-44.39,   0.416
318.61,38, 137.088
217.29,-50.32,  28.352
322.11,37.24,
33.06,-59.81,  70.080
356.7,14.82,  16.128
273.23,33.67,   1.079
54.62,-79.71,
83.34,-84.5,   4.032
279.49,36.3,  20.096
229,-19.94,  90.176
214.63,-53.86,  25.408
3.93,6.03,   9.600
257.85,24.75,   2.432
266.79,31.16, 120.000
222.53,-34.18,  30.976
175.99,-82.17,  22.528
239.98,3.36,  21.920
10.52,-4.7,  32.384
25.53,-38.78,   3.136
29.03,-46.92, 150.784
20.85,-27.15,   7.232
320.32,38.98,   0.312
30.9,-50.81,  79.168
192.39,-76.87,  11.328
338.66,31.87,   1.088
5.18,5.19,   1.483
331.44,35.53,   3.392
230.43,-14.03,   8.768
99.5,-84.13,   0.128
209.78,-59.92,
319.46,39.41, 115.456
219.57,-39.24,  32.192
237.74,0.67,  16.896
219.8,-38.3,  20.992
240.2,5.41, 114.368
6.5,4.08,   0.200
227.37,-19.62,
302.78,41.7,  51.680
251.53,20.45,   9.984
305.69,41.67,
9.11,-0.17,  26.496
215.2,-47.67,
236.11,-1.31, 274.880
205.35,-64.04,   0.960
24.82,-33.71,
343.38,30.13,  29.696
28.54,-42.17,
272.76,35.9,  19.200
350.75,24.44,   1.824
28.46,-41.76,
89.67,-82.52,  19.072
214.29,-48.41, 318.592
291.39,41.24,
230.97,-10.47,
12.8,-6.16, 275.712
273.47,36.44,   4.224
245.34,14.03,  17.408
184.99,-77.08,  70.016
358.93,16.28,   0.024
233,-5.6,  64.064
235.09,-1.63,  23.744
0.5,14.46, 136.192
42.22,-63.17,
355.76,20.75,  61.376
47.31,-67.54,
133.72,-82.32,
219.85,-32.25,  98.176
210.95,-50.6,  26.944
20.34,-19.03,  18.240
343.91,31.73,
210.67,-50.79,   1.011
53.55,-71.11,
14.4,-6.09, 172.736
17.76,-13,
246.38,17.68,   0.224
254.51,26.25,  22.592
231.5,-5.79,   5.440
46.74,-65.61,  32.832
229.26,-10.17,   0.448
325.45,40.68,  77.376
23.25,-24.6,  82.880
14.1,-4.87,   2.776
221.3,-27.34,   0.576
256.48,28.35,
11.05,1.22, 134.656
51.57,-68.74,
347.63,29.9,   1.728
10.32,2.65,
355.17,23.27,  29.888
31.36,-41.38,  19.264
244.59,16.37,
13.36,-2.61,   0.250
321.72,42.19,  50.432
353.94,24.81,
286.22,42.76,  12.736
17.47,-10.29,   3.072
311.77,44.12,   1.511
222.14,-23.66,  21.632
255.42,28.29,  27.584
141.19,-80.68,
317.31,43.44,   0.192
14.22,-3.41,  60.480
10.28,3.85,  18.432
262.02,33.41,  22.912
212.46,-43.77,  28.864
84.09,-78.39,   2.668
316.93,43.85,  10.432
261.73,33.5,  39.680
215.14,-37.71,   0.272
19.89,-14.11,   1.664
253.62,27.35,   4.224
318.86,43.61,  39.936
190.37,-69.15,
44.77,-60.09,  20.224
213.32,-40.94,   4.864
78.52,-77.15,  23.040
227.59,-10.32,  13.184
309.93,45.06,
327.7,41.69,  45.312
357.5,22.76,   0.636
78.7,-76.86,
280.19,42.44,  29.312
239.1,11.21,  51.104
310.59,45.31,  70.912
59.19,-70.01,   6.464
338.59,37.68,
243.48,17.75,
227.41,-8.4,  53.984
312.5,45.75,  22.976
32.6,-38.11,
243.69,18.69,   3.456
6.48,12.97,  22.400
190.81,-66.4,   2.197
318.28,45.06,  12.672
251.04,26.96,
325.68,43.46,   0.183
324.27,43.85,  50.944
146.49,-78.36,   0.192
9.57,8.48,   1.177
206.71,-48.92, 200.704
230.66,-0.91,
32.39,-36.5,   0.120
36.38,-43.75,
230.31,-1.24,   1.359
215.58,-31.86,   0.192
211.46,-39.8,  25.088
42.61,-53,
329.72,42.74,  10.496
51.38,-62.3,   2.944
193.72,-62.93,   0.258
233.24,4.51,  15.040
219.76,-22.09,   3.392
27.44,-24.94,  40.416
40.06,-48.63, 108.992
42.93,-52.68,  35.584
216.87,-28.11, 381.248
44.12,-54.12,
344.02,36.52,  60.992
190.25,-64.95,
239.64,15.15,  33.088
312.28,46.96,  15.296
230.82,0.96,   4.032
302.46,47.5,
13.36,4.29,   4.544
208.01,-44.21,   1.184
342.23,37.96,  45.248
241.3,18.13,   9.792
33.07,-34.95,
271.72,42.09,
86.78,-75.24,  59.392
223.84,-11.44,
253.05,31.23,   7.232
238.8,15.55,
30.32,-28.17,  64.288
263.82,38.93,   0.336
225.04,-8.22,
2.81,21.37,   0.320
228.77,-0.86,   6.115
211.51,-35.91,  31.840
177.17,-69.83,   0.642
262.84,38.58,  33.984
263.68,39.07,
283.37,46.44,
187.03,-64.79,
342.68,38.85,
34.25,-35.31,  22.528
43.3,-49.91,  98.848
259.99,37.43,
175.28,-69.74,   1.792
275,44.61,   0.079
226.35,-4.19, 102.208
222.1,-12.67,
7.61,16.32,  16.192
241.6,21.03,   0.413
26.68,-18.12,
150.54,-74.75,
236.19,13.84,  26.752
150,-74.77,
24.44,-13.14,
343.02,39.94, 108.544
353.04,33.09,
155.16,-73.76,   0.422
8.06,16.8,  18.368
4.22,22.04,  47.232
29.45,-22.55,
354.53,32.23,   2.240
216.84,-21.61,  19.808
14.35,7.21,  16.448
55.71,-60.16,
276.96,46.24, 146.944
141.63,-75.1,   0.384
289.69,49.1,  18.240
182.24,-65.07,
60.76,-63.44,   3.072
283.95,48.15,  44.384
312.61,49.61,   1.472
18.54,0.16,  65.792
209,-35.92,  75.904
355.98,31.57,
327.83,47.06,   0.353
347.22,38.45,  85.440
26.82,-15.77,
7.39,18.93,  60.224
236.16,15.75,  33.280
89.04,-72.52,   8.640
220.45,-12.54, 130.112
204.93,-41.56, 145.664
58.4,-60.64,
344.44,40.61,
223.8,-5.28,   0.455
260.19,39.96,  11.328
233.43,12.24,  28.352
203.17,-43.8,   2.063
44.97,-46.76,
215.21,-22.17,
5.05,23.09, 292.736
189.85,-58.21,   3.904
38.66,-37.03,   0.773
347.58,39.24,  52.992
17.45,4.54,
206.53,-37.71,  40.768
192.29,-55.44,
70.53,-66.05, 218.880
234.25,14.86,  13.984
232.66,12.65,
309.79,51.52, 673.824
15,10.01,  62.944
23.46,-5.63,
0.22,29.9,   0.266
84.6,-69.94, 261.792
234.59,16.18, 327.296
52.27,-53.06,  17.856
191.19,-55.3,
348.66,39.74,
1.03,29.42,  15.808
24.24,-6.5,   2.936
181.88,-61.83,   1.152
55.93,-56.19,
195.88,-50.2, 134.688
198.79,-46.7,  80.000
280.79,49.94,  27.680
30.17,-17.96,
135.17,-72.97,  52.672
216,-17.28,  64.288
53.8,-53.7,  20.288
321.88,50.76,  28.032
353.06,37.17,  36.864
225.18,1.22,   0.303
244.98,30.2, 307.648
196.78,-48.64,  76.032
144.71,-71.95,  46.336
42.98,-40.43,   4.096
216.03,-16.65, 136.064
206.83,-34.01,   0.128
216.61,-15.32,   0.704
352.92,37.67,
116.18,-72.76,
255.13,39.35,
25.78,-7.76,
207.88,-31.32,  54.720
211.18,-25.21,   0.124
213.35,-20.99,  41.088
49.69,-48.22,  10.304
81.34,-67.55,   0.176
218.66,-10.04,
34.39,-24.11,  59.008
224.02,0.72,  45.344
46.38,-43.68,
174.17,-63.82,  35.840
14.42,14.12,  27.584
210.45,-25.64,  41.152
342.42,45.08,  37.952
294.3,53.2,  42.432
338.73,46.85,  13.120
125.77,-71.94,  58.400
340.73,46.2,   1.600
307.39,53.71,
8.45,23.39,   0.256
200.76,-40.63,   9.920
311.84,53.7,
30.83,-15.23,  38.976
329.55,50.69,
280.8,51.87,   0.224
14.29,15.76,  20.704
36.73,-26.35,
238.49,25.76,  24.704
203.92,-34.92,
47.34,-42.73, 123.392
47.34,-42.7,  36.352
236.4,23.2,  20.736
72.26,-62.65,  15.904
303.97,54.49, 208.576
283.88,52.79,   0.070
174.44,-62.22,
237.22,24.53,  34.336
284.9,53.11,  19.200
55.81,-51.67,
178.64,-59.9, 107.904
223.77,3.06,  51.904
237.68,25.46,   0.064
345.75,45.04,   0.768
303.81,54.91,  17.792
358.63,35.97,
157.88,-67.07,   0.598
99.47,-69.11,  72.448
33.35,-17.91,   5.440
228.4,12.45,   3.328
348.94,43.61,  55.808
49.44,-43.73,   0.072
115.09,-70.29,  43.392
215.57,-11.54,   0.388
184.37,-55.08,  75.136
195.58,-44.39,   1.793
1.8,33.75,   0.704
52.75,-47.14,   2.560
85.39,-65.83,   0.855
167.72,-63.55, 111.424
31.57,-13.3,   0.512
298.33,55.59,   1.472
254.48,42.65,
144.09,-68.74,  66.176
4.32,31.66,  26.400
65.14,-56.91,
23.56,3.03,  27.712
19.19,11.11,
279.51,53.5,   1.146
27.36,-4.1,  29.696
163.19,-64.43,   0.536
12.31,22.21,
255.99,44.27,  41.280
65.92,-56.84,
325.48,54.03,  63.616
214.77,-10.81,  11.328
241.78,32.98,  40.640
196.62,-41.01,  18.880
94.07,-66.64,   6.656
314.23,56.05,   0.523
104.25,-68.11,
218.27,-3.19, 100.544
311.99,56.32,   2.389
142.29,-67.94,   2.304
356.88,40.1,
12.97,22.41,
19.05,12.93, 377.984
74.67,-60.48,   0.960
199.29,-36.68,  22.144
162.42,-63.66,  88.960
13.01,22.78,  22.592
219.55,-0.04,  15.744
17.89,15.51,   0.576
243.15,35.49,  22.784
49.96,-40.55,   8.640
20.29,11.73,  55.456
309.76,57.09,
254.28,44.79,  20.128
197.09,-38.74,
7.42,30.91,  22.528
56.19,-46.77,  12.160
46.84,-35.22,
35.74,-16.54,  86.848
221.57,5.7,   0.966
344.78,49.47,  23.744
216.02,-4.53, 164.352
195.67,-39.12,
236.84,30.17,
222.8,8.73,   0.253
51.57,-40.67,   7.680
232.52,24.76,  48.320
6.01,33.96,
28.09,-0.46,   6.080
145.87,-65.69,
245.32,39.54,  91.136
75.91,-58.88,   0.384
68.75,-55.1,   1.989
112.16,-66.82,  48.448
44.73,-30.54,  27.392
186.9,-47.71, 200.192
359.25,40.96,   6.080
37.13,-17.19, 158.080
226.24,15.95,
109.53,-66.39,   5.184
146.16,-65.11,
224.02,12.4,
232.94,26.56,   4.672
162.83,-60.98,
190.07,-43.87,
191.11,-42.76,
352.09,46.94,  58.880
15.14,23.94,
351.34,47.47,
121.68,-66.47,
169.27,-58.01,  18.304
196.3,-35.88,
200.98,-29.04,  42.752
2.03,39.81,   1.093
261.45,51.46,   0.448
204.34,-23.24,   1.984
27.51,3.48,   0.464
189.37,-43.53,
213.61,-5.62,   1.016
310.61,59.51, 152.064
212.51,-7.51,
13.64,27.46,
264.83,53.52,  40.640
335.58,55.51,   1.254
249.99,45.77,  49.024
204.41,-21.62,   4.416
257.64,50.6,  52.800
192.15,-39.2,  22.144
313.22,59.98,  15.168
141.21,-64.07,   9.664
27.23,6.2,   2.432
283.29,59.16,  39.840
64.29,-48.8,  70.016
85.27,-59.64,  70.336
229.47,25.13,   0.028
19.45,20.42,  19.392
214.29,-1.69,  20.352
244.75,42.8,  86.720
280.72,58.95,
338.2,55.66,  17.856
180.16,-49.41,  50.528
47.67,-29.9,   0.099
295.54,60.89,  33.920
24.61,12.12,
56.49,-40.95,  84.160
316,60.53,   0.540
218.26,6.89,  26.880
165.11,-57.3,  16.128
75.43,-54.89,   0.680
66.38,-49.28,
106.11,-63.35,   1.536
150.53,-61.54, 131.744
5.31,39.85,
335.9,57.03,  13.632
246.82,45.4,  31.680
81.5,-57.34,
112.96,-63.85,
37.33,-11.34,  61.120
138.24,-63.35,  63.808
28.63,5.63,   0.476
45.44,-25.38,   0.200
89.38,-59.81,   1.536
23.89,14.56,  51.552
75.12,-54.1,
122.89,-63.71,  30.400
305.2,62.08,
67.7,-49.09,  49.696
341.2,56.06,  70.912
246.51,46.31,
18.42,25.12,   0.704
31.81,1.19, 300.000
6.47,40.35,
105.58,-62.15,  53.888
5.65,41.31,  14.976
156.36,-58.79,   1.015
224.46,20.83, 182.016
248.1,48.01,  10.688
86.33,-57.64, 162.944
332.4,59.38,  54.464
346.45,54.62,  65.728
123.64,-62.93,  22.016
255.46,52.77,   0.872
244.18,45.28,   0.896
207.26,-10.86,   6.287
155.12,-58.78,  42.240
209.64,-6.29,   0.192
94.56,-59.73,  49.728
192.31,-34.3,   0.680
25.04,15.3,
195.79,-29.6,  11.008
173.7,-50.67,  14.848
199.67,-23.66,   4.352
318.22,62.29,   0.508
242.63,44.48,
214.5,3.84,  73.088
221.12,16.43,  18.112
260.43,55.73,  75.968
288.8,62.61,   6.080
22.32,20.72,  41.824
35.68,-4.2,  18.048
215.99,7.09,  16.704
206.32,-11.52,   1.953
190.3,-35.7,   0.839
9.58,39.08,   0.296
143.39,-60.38,  27.584
108.99,-61.18,   0.384
218.97,13.7,  39.936
227.18,27.6,
294.38,63.63,
52.99,-31.93,  12.832
215.98,8.22,  12.352
287.76,63.15,  72.800
212.91,2.41,   0.110
225.34,25.06,   3.904
295.68,63.84,  27.232
243.81,46.86,  19.968
224.93,24.51, 174.464
35.97,-3, 131.456
341.89,58.26,   0.208
187.34,-37.81,   0.174
158.16,-56.25, 103.680
226.81,28.03,
209.01,-4.39,   2.816
262.39,57.83,  11.136
359.76,49.17,  36.096
204.29,-13.12,
194.14,-29.21,  42.592
206.16,-9.43,  57.216
15.02,34.08,  18.240
92.73,-57.47,  99.584
210.03,-1.91,   0.223
94.31,-57.82,   0.118
3.07,46.98, 269.440
215.24,8.53,  14.144
202.88,-14.91,
192.78,-30.38,   4.544
24.95,19.34,   4.992
109.22,-60.15,  16.256
57.85,-35.94,  74.176
229.15,32.73,   1.717
45.32,-18.14,
204.79,-10.4,  15.488
59.09,-36.57,   0.295
2.25,48.77,   0.177
246.05,50.74,  55.136
52.9,-28.85,  26.400
263.75,59.75,
253.2,55.22,  12.288
165.06,-52,   5.312
226.69,30.34,  61.952
327.37,63.58,  73.792
229.32,34.19,   8.768
357.46,52.81,   1.664
192.07,-29.3,  27.200
26.8,18.37,
244.95,50.71,  51.584
206.74,-5.02,
26.47,19.28,
190.6,-30.88,   0.208
244.32,50.46,   0.681
205.2,-7.78,  29.824
3.71,48.82, 108.352
3.51,48.97,
208.35,-1.75,
348.51,58.1,   4.864
220.73,21.88,   0.119
78.39,-50.03,  14.592
244.54,50.76,
206.35,-5.37,  36.288
358.74,52.66,  64.288
233.19,40.25,   6.592
35.1,3.38,  32.192
28.67,15.88,
197.25,-20.96,   0.336
220.75,22.38,
293.81,66.16, 106.048
210.55,3.16,   5.376
36.52,0.92,
145.85,-56.92,   1.918
326.61,64.82,   1.002
184.71,-36.59,
226.93,33.04,
5.28,48.86,
216.11,15.21,  69.504
55.45,-29.45,
182.49,-38.17,   3.072
126.65,-58.61,
200.9,-13.36,
48.27,-18.84,   3.099
76.63,-47.71,
199.27,-15.88,  44.160
40.73,-5.37,  45.248
151.69,-54.66, 150.144
25.63,23.69,   6.336
29.12,17.44,  11.872
194.28,-23.23,   1.024
143.86,-56.26,   0.432
199.88,-14.22, 151.360
225.15,32.2,   0.413
35.68,5.51,
215.34,15.76,
314.8,67.5,
26.33,23.55,  78.208
205.23,-3.8,   0.176
180.58,-38.45,   2.176
352.02,58.9,   9.216
203.93,-6.06,  44.736
51.67,-22.4,   0.192
24.37,27.5,   9.728
202.28,-8.57,  61.888
138.98,-56.03,   4.736
152.78,-53,   0.535
207.05,1.23, 114.112
73.15,-43.65,  62.528
180.24,-37.65,
189.85,-27.15,   0.578
31.75,15.33,
39.07,1.05,   2.048
350.43,60.77,   4.544
200.52,-10.56,
25.39,27.26,   0.512
171.52,-44,   0.776
197.13,-15.98,
76.87,-45.47, 144.640
9.33,48.77,  52.000
142.57,-54.93,  15.616
85.13,-49.54,   2.240
46,-11.04,  11.520
139.49,-55.32,  70.944
42.33,-4.18,   3.136
213.36,15.06,
234.83,47.62,  59.584
244.82,56.02,   1.016
95.33,-52.67,  30.880
78.59,-45.88, 106.624
110.32,-55.47,  22.016
289.24,69.05,  20.928
200.18,-9.52,  22.528
198.97,-11.5,
343.18,64.53,
239.59,52.69,
61.03,-31.36,  32.832
266.68,65.75,   0.160
24.41,31.03,  44.832
163.96,-47.02,  20.992
32.56,16.54,   5.065
300.32,70.23, 180.480
248.25,59.23,   0.192
153.4,-50.94,  45.440
220.03,29.59,
223.05,34.68,   0.384
166.5,-45.11,
270.34,67.35,  90.336
220.27,30.61,   0.256
197.97,-11.37,
200.47,-6.7,  35.040
105.91,-53.54,  19.648
207,6.13,  37.184
58.33,-26.16,  64.704
277.14,69.3,   9.088
109.94,-53.81,
115.96,-54.35,  54.592
34.71,14.99,   1.963
199.47,-7.63,   0.424
169.41,-42.39,  49.344
24.52,33.79,   0.176
353.54,62.65,  60.736
184.4,-29.44,  37.696
222.09,35.07,  48.608
35.88,12.9,   0.199
190.88,-21.2,   0.824
201.1,-4.26,  65.472
214.78,22.61, 124.736
216.49,25.91,
179,-34.63,   8.192
47.85,-9.62,   0.787
6.94,55.01,   7.488
215.91,24.94,
335.24,68.63,  91.264
24.04,35.42,  12.160
50.16,-13.18,   1.856
248.58,61.48,   0.460
160.93,-46.32,  22.528
266.8,68.11,   0.456
120.89,-53.91,   2.688
217.68,29.07,  53.632
357.18,61.96,
164.52,-44.22,  13.472
219.13,32.06,   0.283
155.41,-48.16,  29.472
166.58,-42.87,   0.878
36.68,13.41,  12.864
62.75,-29.28,
195.12,-12.79,  11.872
190.45,-19.82,   0.128
67.02,-33.37,  12.416
53.39,-16.35,
50.51,-11.73,  77.056
341.87,68.51,   9.280
109.99,-52.19,  18.496
234.72,53.66,   4.285
55.98,-19.91,
85.16,-45.08,   3.520
237.59,56.38,  36.672
236.42,55.48,  36.896
279.03,71.54,   0.768
185.73,-25.01,
203.61,4.21,
22.7,40.75,
319.58,72.47,   0.768
57.67,-21.55,
5.66,59.07,   7.168
13.75,52.31,   3.776
99.6,-49.56,  15.296
230.64,50.96,   0.128
30.39,28.69,   0.763
330.35,71.67,   1.408
22.52,41.9,  33.536
241.49,60.26,   0.711
24.54,38.87,  17.856
237.09,57.15,  68.032
35.52,18.91,   0.936
157.18,-45.81,  13.952
10.43,56.09,  23.232
99.04,-49.08, 488.704
3.39,61.24,  42.688
191.11,-16.39,  15.168
225.68,45.69,  43.200
48.09,-5.26,  46.496
140.24,-50.38,
11.53,55.47,
200.09,-0.79,
12.07,55.28,   0.512
85.95,-44,
86.23,-44.09,   0.896
82.35,-41.99,
139.45,-49.92,
231.24,53.52,  11.232
1.06,63.94,   0.512
199.58,-0.24,   0.951
219.48,38.46,
42.79,6.68,  31.616
46.03,0.34,
103.49,-49.12,   1.408
223.34,44.64,   0.228
230.97,53.94,  95.744
18.26,50.39,   0.448
61.46,-23.52,   0.398
102.27,-48.64, 411.648
201.23,3.99,  49.248
27.66,37.43,  25.984
54.22,-12.88,
101.29,-48,   9.536
202.5,6.92,
213.71,29.78,   0.448
299.38,75.36,
164.2,-40.2,
201.18,4.6,   4.352
49.59,-4.33,   5.056
203.3,9.41,
37.09,20.96,  42.496
56.64,-15.43, 331.232
204.38,11.94,   1.152
105.57,-48.34,  77.824
92.95,-44.92,
250.64,68.46,   2.884
329.88,74.37, 461.984
227.6,52.66,  35.392
23.96,45.33,  18.240
37.91,19.76,
151.03,-45.31,   1.261
101.09,-47.1,
80.49,-38.57,  45.328
62.01,-21.89, 107.424
139.97,-47.89,
61.21,-20.77,  89.920
64.76,-25,  22.656
54.53,-11.1,  41.056
26.94,41.99,  34.496
207.45,20.2,   0.176
176.18,-29.64,  52.096
129.92,-48.72,   1.856
263.79,73.59,
169.73,-34.57,
41.54,14.5,   6.208
63.7,-22.74,  43.520
45.29,6.86,   0.116
156.87,-42,  17.728
41.43,14.86, 179.840
191.78,-8.97,
246.47,68.82,  75.008
113.1,-48,  26.688
106.66,-47.08,   2.410
206.31,19.36,
0.5,68.42,
209.89,27.05, 127.744
102.06,-46,  74.688
57.2,-13.26, 100.096
202.27,11.43,   0.768
132.09,-47.83,   2.120
157.35,-41.18,  25.024
191.8,-8.22,
24.6,48.25, 110.464
37.03,25.6,  77.248
67.66,-25.9, 101.216
193.7,-4.4,  20.096
232.73,61.71,  57.088
54.75,-8.41,  42.624
204.93,18.28,  40.256
143.54,-45.37,
121.83,-47.75,  33.728
108.5,-46.6,
66.49,-24.26,  66.048
43.11,13.87,  43.200
91.38,-41.52,  30.656
79.39,-35.08,  50.624
129.31,-47.2,  47.104
196.19,1.83,
130.38,-46.83,   2.752
82.19,-36.46,   6.080
214.52,39.99,  94.976
31.98,38.79,
222.31,52.62,   0.256
38.52,25.82,  61.632
146.61,-43.5,   2.240
56.79,-9.72, 212.352
198.59,7.51,  15.552
190.4,-7.53,  77.312
87.02,-38.34,  22.464
70.06,-26.01,
187.06,-12.22,   0.656
173.6,-28.08,
91.62,-40.42, 128.128
234.74,66.37,
199.23,9.85,   0.640
203.51,19.09,   6.784
99.88,-42.98,
87.29,-37.98,  47.872
197.21,6.27,
48.13,7.36,  18.752
74.58,-29.48,   0.527
63.49,-17.82,  26.880
114.94,-45.55,
240.67,70.55,  82.176
15.81,63.64,   0.056
77.26,-31.36,  20.480
158.36,-37.74,  43.328
23.59,55.57,  71.040
255.72,75.86,  74.880
221,54.01,
131.98,-45.19,  18.752
77.81,-31.46,  89.664
114.85,-45.17,   9.792
354.22,75.13,
169.45,-30.35,  10.496
43.81,17.92,  24.384
144.1,-42.67,  54.304
47.73,9.91,   0.161
177.53,-22.38,  28.416
56.92,-6.84,
45.51,15.04,   3.520
185.77,-11.5,   0.985
37.98,32.13, 135.872
224.49,60.81,
212.86,43.11,  30.592
205.71,28.1,  27.904
211.34,40.27,  14.528
42.22,23.89,  33.856
48.43,10.83,   6.208
197.39,10.95,
27.81,53.81,  31.488
11.32,70.94,  75.968
68.85,-20.89,  15.232
69.32,-21.23, 164.224
228.2,66.88, 104.352
217.09,53.42,
30.65,50.42,  51.520
159.3,-34.69,  41.088
24.53,60.02,
198.36,14.39,  59.072
69.47,-20.99,
320.39,81.89, 102.080
197.86,13.68,  42.912
110.01,-42.42,
84.98,-33.54,
67.78,-18.93,   0.344
129.43,-43.08,
27.91,56.05,  68.928
109.11,-42.12,  62.656
40.08,32.02,  20.064
29.27,54.18,
107.28,-41.67,  26.368
33.62,46.3,   0.384
222.93,63.27,   8.576
196.84,12.4,  70.400
221.51,61.99, 231.872
188.54,-3.14,  73.152
214.06,50.77,
59.77,-7.11,   1.152
84.87,-32.72,
299.26,82.96,  63.040
12.14,73.13,   0.801
202.1,25.15,
181.83,-12.73,   2.624
80.6,-29.38,
47.93,16.38,  67.776
84.53,-31.95,  73.536
82.85,-30.83,  10.048
87.67,-33.6,
211.14,47.3,  22.208
42.71,29.42,  35.712
31.17,54.55,
62.68,-9.94,   4.268
195.5,12.33,   8.384
49.05,15.3,  53.632
32.65,52.45,  83.584
29.93,57.57,   1.463
187.76,-2.01,  30.208
281,83.73,  32.096
52.79,8.14,  89.984
207.3,40.76,  14.080
75.68,-24.21,
129.72,-41.22, 122.496
92.1,-35.02,  40.128
156.98,-33.42,  13.824
65.87,-13.47,
130.56,-41.04,  62.848
227.36,72.17,  19.424
2.4,79.61, 157.120
185.87,-4.56,   1.736
33.37,52.86,   1.088
10.99,76.88, 124.864
63.26,-9.4,   0.272
148.33,-36.87,  26.688
178.65,-14.42, 125.504
31.56,57.68, 108.224
239.35,79.27,  33.408
52.12,11.04,
56.53,2.41,  21.888
179.7,-12.71,   0.256
212.21,54.38,  17.152
85.42,-30.46,
38.02,44.88,   4.288
40.44,39.27,  96.704
157.71,-31.88,
47.62,22.09,
84.77,-29.79,
26.46,67.11,   5.056
215.32,61.2,   2.560
212.3,55.7,  13.312
175.4,-17.24,  25.600
193.02,10.96,   2.368
115.83,-39.88,   7.168
96.11,-35.23,  17.056
183.49,-6.02,  14.400
230.7,77.75,  15.040
190.75,6.86,  49.920
50.9,15.8,  49.536
114.54,-39.56,  31.520
39.11,44.88, 135.488
193.37,12.51,
157.33,-31.37, 589.536
169.09,-22.93,  12.480
72.07,-18.2,   0.256
192.71,11.74,  13.696
326.86,85.76,  53.184
54.45,9.35,
32.22,61.77,   0.344
203.23,37.63,  42.624
75.94,-21.41,
66.55,-10.76,
194.77,17.06,
45.2,31.99,   8.256
65.68,-9.22,
75.44,-20.39,
215.52,67.51,   5.134
26.04,73.51,   0.264
166.24,-23.81,   4.864
52.42,15.69,   0.092
178.01,-11.4,   0.193
300.47,87.04,  30.752
127.35,-38.51,   5.376
54.94,10.75,  42.976
42.57,41.34,
194.24,18.29,   0.660
164.04,-25.03, 163.712
207.03,51.86,
115.61,-37.98,  31.456
67.63,-10.46,  32.128
194.24,18.59,   6.688
97.74,-33.71,
176.34,-12.72,   5.312
26.1,76.11,
63.3,-3.98,  66.976
190.01,9.54,  89.856
52.31,17.3,  11.648
166.48,-22.82, 148.224
207.13,53.04,   0.288
50.76,21.19,   5.184
184.06,-1.25,   0.152
179.78,-7.79,  81.088
100.91,-34.56,  29.184
233.03,84.02,   1.301
51.92,19,  37.568
79.41,-22.44,
56.14,9.79,
141.62,-35.39,  13.184
205.41,49.82,  33.216
206.85,54.4,  23.616
14.1,84.46,
105.19,-35.38,
37.15,59.96,  21.760
44.91,38.29,   0.326
41.99,46.64,
170.88,-17.85,  31.296
131.95,-36.97,  45.888
45.2,37.59,  59.232
58.87,5.06,  50.720
205.52,51.72,  49.216
190.45,12.75,  23.488
329.14,88.37,   4.147
198.63,33.17,  33.280
85.83,-26.26, 430.016
162.53,-24.43,
56.96,10.07,
28.09,80.96,  40.960
177.86,-8.47,
149.01,-31.7,  91.360
85.04,-25.23,   9.472
66.36,-5.75,  60.480
42.71,48.84,   0.832
208.68,66.5,
50.57,26.47,  23.648
60.93,3.8,  39.936
21.67,88.23, 135.168
173.07,-13.25,  27.136
161.33,-24.08,   0.048
192.6,20.83,
199.01,38.68,   0.399
106.59,-34.03,  15.680
204.94,58.33,
178.99,-5.25, 196.640
145.95,-31.95,
53.78,20.11,  88.256
150.29,-30.11,
183.26,1.87,   3.200
204.22,57.02,
52.31,24.26,   7.744
80.56,-20.42,   6.208
198.64,38.84,
151.11,-29.52,  35.648
197.48,36.05,  34.880
37.57,78.78,   0.448
204.97,62.46,   1.216
150.16,-29.71, 122.496
156.88,-26.12,  15.936
51.22,88.03,
205.79,83.61,   0.108
41.96,60.39,
39.16,77.55,   6.720
63.79,1.22,
206.17,72.96,  49.664
41.17,66.1,  42.368
67.52,-4.41,  41.696
70.02,-7.9,
54.4,21.74,  71.360
76.63,-15.42,
188.88,15.66,
183.56,4.77,  20.032
102.87,-31.51,   0.232
131.74,88.68,   9.408
47.93,41.98,  26.752
47.53,43.49,   4.160
120.66,88.66, 105.088
66.16,-1.32,  51.776
71.57,-9.02,   2.496
141.9,-31.64,  71.936
141.11,-31.82,   0.215
194.94,32.92,   6.976
200.48,52.76,  29.056
134.01,88.45,  57.664
191.28,22.84,  12.480
195.86,36.34,
46.65,48.67,   0.401
47.12,47.56,
66.15,-0.33,
163.48,-19.52,  13.568
50.6,35.74,  31.104
53.54,26.94,
60.14,10.94,
72.49,-9.21,
157.06,-24.06,
53.37,27.74,
169.02,-14.04, 431.616
200.66,58.89,  66.112
48.72,43.25,   1.536
70.27,-5.97,  61.632
122.02,-33.53,  86.720
149.91,-27.57,   0.067
185.49,11.55,  22.592
52.16,32.82,  22.272
199.81,74.17,   0.128
183.79,8.59,   1.443
197.28,47.01,  10.240
51.47,36.31,  99.584
193.95,35.33, 106.048
61.57,10.2,  85.216
46.5,66.02,  49.408
118.37,-32.53,  10.432
183.23,83.49,  14.944
174.88,-5.4,  15.360
84.08,-19.22,   0.475
133.03,-31.75,   4.800
65.44,3.56,
97.31,-27.11,  53.888
168.27,-12.93,  89.376
51.11,40.77,  16.736
54.78,28.41,  99.776
171.49,-9.19,   0.200
196.19,73.53,  14.336
173.08,84.3,   6.592
146.41,-27.67,  13.920
52.66,36.3,  20.320
178.16,0.6,   0.256
48.49,63.58,   0.128
195.27,72.7,   0.690
60.48,15.1,   0.187
52.3,39.47, 111.360
196.37,53.99,   0.496
62.4,11.45, 156.096
138.34,-29.46,  68.896
172.07,-6.88, 105.024
62.94,11.04,
69.18,82.01,  70.240
63.04,10.94,  31.296
139.26,-29.06, 187.776
167.63,-11.81, 107.840
179.44,4.63,
50.48,61.21,  47.488
50.7,62.68,
74.84,-7.5,
182.41,10.99,  14.464
98.14,-25.62,
195.02,59.03,  12.736
182.89,12.22,   1.320
80.93,-13.9,  13.184
82.07,-14.82,  25.408
59.02,22.15,   7.872
194.61,59.91, 113.952
73.92,-5.77,  28.544
122.33,-30.51, 159.616
189.56,30.66,  46.240
171.38,-6.32,  62.464
56.73,30.01,  63.168
181.33,10.17,   3.392
136.7,-28.67,  83.520
54.69,37.86,  37.184
122.64,-30.13,  91.520
185.1,19.1,
113.84,-29.35,  61.440
193.21,62.31, 180.736
141.22,-27.06,  48.640
186.91,24.77,
132.61,83.87,   0.612
192.78,51.53,   1.280
190.03,36.52,   1.088
57.28,31.25,   8.768
77.17,-8.04,   3.904
56.67,33.83,  48.704
190.81,66.52,   3.872
145.54,-25.01,  14.656
69.37,3.15, 211.392
184.37,19.4,  48.448
116.58,-28.96,  13.344
88.59,-18.41,
54.21,46.59,   0.960
97.13,-23.42,
161.83,-14.5,  41.088
105.93,-26.59,  15.104
62.42,17.96,  72.576
73.45,-2.54,  21.632
55.19,43.15,  35.264
131.64,-28.35,  31.040
190.1,65.47,
68.23,6.24,  52.512
108.23,-26.92,  55.424
55.86,64.18, 208.128
189.24,37.81,  48.576
56.94,36.59,
142.41,-25.32, 194.880
75.48,-4.57,  11.840
190.36,61.52,  32.448
58.12,68.31,   0.384
159.58,-15.69,  58.880
125.72,-28.43,   0.568
175.31,2.79,  33.216
188.11,67.06,  16.960
169.89,78.71,   2.240
152.5,81.33,  39.424
83.52,-12.88,
107.92,-26.22,  26.624
175.04,3.01,   6.336
190.09,51.4,  35.968
58.17,65.44, 100.928
63.02,71.5,   6.656
154.26,80.59,  83.424
73.12,76.9,  10.368
88.01,-16.09,  17.024
73.54,-0.48,  15.424
73.33,-0.17, 172.160
148.67,80.99,
149.11,-21.41, 104.256
178.98,11.73,  45.824
62.42,22.64,   7.168
188.92,46.59,  16.256
114.34,-26.74,  77.824
111.78,-26.28,  50.752
63.67,70.62,
125.88,-27.18,   8.320
186.8,63.6,  81.984
186.23,64.41,   0.448
103.4,-23.67,
156.26,-16.36,   0.176
85.52,-13.07,
60,64,  26.272
170.09,76.11,
174.69,4.92,
178.46,12.13,
98.18,-21.15,   2.368
123.01,-26.66,  33.024
57.98,48.43,  30.464
124.92,-26.54,  61.696
58.55,56.66,
66.07,70.36,
153.04,-17.83,   0.892
101.72,79.91,  38.432
70.93,6.24,
126.25,-26.27,  30.566
155.09,-16.28,
159.74,-12.6,  19.552
59.61,38.24,  13.312
173.41,3.93,  41.408
143.45,79.79,  22.464
64.79,19.85,  64.576
172.39,2.37,   7.424
182.92,25.24,  16.896
80.55,-6.99,   1.438
64,22.23,
187.06,52.98,   2.624
83.31,-9.76,   1.047
116.97,-25.8,  16.043
125.58,-25.97,  90.240
84.04,77.01,   5.952
83.31,-9.45,
172.61,3.42,   5.184
111,79.83,
67.77,13.79,  18.304
64.74,21.26,
101.2,79.16,
184.34,61.21,   6.784
171.73,73.31,  65.056
172.65,3.94,   0.640
60.65,57.83, 101.824
184.29,33.33,
178.55,15.67,  31.680
60,53.16,   0.794
105.22,-22.5,   0.960
62.47,31.02,  18.816
148.2,-19.09,
100.73,-20.5,  10.560
80.86,-5.62,   0.289
83.64,-8.42,  23.872
101.62,-20.63,   5.696
155.35,-14.26, 114.464
174.04,7.94,  23.424
83,-7.54,   0.939
156.26,-13.49,
160.69,-9.51,   0.040
77.03,-0.09,  36.800
61.32,41.3,
95.83,-17.44,  24.768
148.16,-18.46,  14.976
106.13,-21.98,
162.17,-7.92,  27.712
159.03,-10.86,  22.272
77.24,72.65,  27.968
180.39,23.49,   0.767
93.72,-15.95,   0.890
61.43,46.96,   6.208
65.84,23.48,  40.576
172.03,5.79,  50.816
62.07,51.28,  20.672
165.05,-3.85,
175.3,12.51,   8.064
161.63,-7.23,  11.136
110.8,-22.24,
67.06,63.03,  67.776
135.23,-22.19,   1.758
182.78,38.17,
177.33,17.97,  36.608
67.49,20.78,  47.872
182.73,38.39,
182.18,34.88,
182.1,34.45,
109.33,77.35,
179.01,22.95,   0.512
177.51,18.8,  18.560
178.79,22.55,
181.07,30.75,   0.579
63.94,35.43,
170.12,69.41,
63.21,45.63,   3.234
155.02,74.56,
182.09,51.61,  43.520
109.59,-21.23,   0.320
135.27,-21.46,
65.99,58.48,  32.512
64.06,37.57,
130.93,-22.27,  10.144
178.44,23.22,   2.029
89.55,-10.74,  43.904
138.04,-20.5,   0.896
133.98,-21.52,  18.400
92.78,-13.1,
175.02,64.39,   0.490
75.35,6.45,
82.03,-2.98,  14.080
73.8,9.34,  79.040
140.42,-19.38, 154.432
79.91,-0.01,   0.384
178.58,25.89,
176.02,18.88,   1.920
180.9,38.72,
157.08,-9.25,
181.16,44.02,
127.96,76.24,   1.599
68.38,59.47,  51.200
91.2,-11.03,   2.944
65.16,40.41,   2.970
122.17,-21.74,  39.936
93.66,-12.61, 154.432
67.79,26.59,
65.77,36.49,  21.760
75.22,8.47,
167.8,3.88,
165.08,0.09,  55.968
174.82,61.74,  88.640
88.3,71.82,  20.128
65.71,45.35,  45.568
153.2,-11.35,  19.328
168.37,5.47,
155.47,-9.46,
178.84,32.18, 272.448
177.69,27.62,
173.32,15.28,  16.064
145.43,-15.71,  16.064
139.42,74.41,   7.808
73.65,13.11,
179.01,49.8,  38.848
120.01,-20.7,  34.240
95.14,72.55,   1.504
177.83,30.67,  72.384
69.74,56.92,  63.360
137.62,-18.37,
125.02,-20.5,  53.952
91.92,71.55,
161.65,69.07,
125.03,-20.41,  23.232
174.87,21.28,  24.256
69.98,24.57,   0.336
167.57,6.83,  67.296
126.84,-19.61,
76.82,9.58,
170.69,12.93,  60.384
168.48,9.03,  15.744
76.7,10.45,  48.352
68.35,40.55,
75.27,13.37,  37.568
174.83,24.44,  10.304
72.62,20.18,  57.280
176.12,30.6,
168.93,10.54, 106.560
70.49,27.37,   2.432
167.15,7.44,  33.056
87,68.1,
174.32,24.06,
158.8,-3.34,
69.65,48.37,  26.432
84.97,66.95,   0.056
163,65.89,   0.136
69.25,36.41,  26.304
71.86,23.69,   0.969
69.48,46.36,   4.928
168.42,10.39,
81.6,3.68,   0.216
87.94,-3.85,
77.27,11.08,  61.920
82.68,2.47,
154.11,68.83, 454.016
174.73,50.94,  34.048
173.14,54.76,
169.02,12.46,  76.544
128.39,72.49,
129.86,72.38,  10.464
79.22,8.26, 103.808
112.81,-17.04,
70.55,34.73,   0.640
93.79,-7.98,   0.096
168,11.48,   6.528
159.01,-1.55,
115.29,71.91,
172.49,22.38,
121.48,-17.74,  24.864
102.65,-13.15,   1.041
153.13,-6.8,  77.824
70.75,37.18,  63.392
100.77,-12.06,
151.08,-8.26,   0.167
171.49,54.76,  20.544
76.95,14.42,   0.976
118.22,71.59,  20.864
173.55,28.21,
119.87,-17.26,  22.784
166.64,10.28,  18.848
153.62,67.31,  53.760
91.53,67.05,
169.11,15.75,
128.78,-16.6,
83.47,62.93,   0.060
78.39,12.81,  15.872
148.1,-9.4,   3.287
168.12,14.4,   2.512
124.28,-16.67,  49.152
173.95,38.55,
72.26,33.57,   1.407
83.24,62.17,   0.124
75.24,21.45,
79.23,58.15,
161.64,62.15,  54.976
165.93,58.14,   0.461
172.66,43.45,  41.472
167.45,56.3,   5.440
167.17,14.89,  35.008
164.92,58.69,  35.968
86.37,2.44,  75.552
119.81,-15.51,   7.104
90.72,64.67,
143.23,-10.8, 119.136
73.29,36.87,  37.408
92.51,-3.79,   6.272
153.47,-3.69,
126.8,-15.24,  58.112
73.61,35.5,  11.072
124,-15.32,   9.408
114.97,-14.47, 389.376
84.83,60.81,  18.080
93.58,-4.15,   1.408
81.33,11.25,  32.512
79.81,55.6,  43.200
74.57,42.69,  46.272
126.9,68.98,  72.448
171.1,43,   9.024
94.31,-4.13,  17.888
135.78,68.11,   0.448
168.2,51.35,  51.776
81.18,56.16,
138.22,67.6,  10.432
145.19,-8.32,  20.928
156.36,0.81,
75.01,39.64,  51.200
79.64,16.43,   0.384
110.05,67.75,   7.744
102.08,-8.95,   1.408
123.75,-14.17,
89.15,61.78,   0.448
161.21,7.61,  76.768
168.83,24.68,
123.98,-13.97,  17.088
84.54,58.45,  20.096
169.36,46.14,
124.31,-13.93,  27.648
79.41,17.92,   7.744
79.1,51.97,
76.06,30.46,
170.26,39.27,  24.256
169.04,26.95,  62.656
120.07,67.87,   1.897
147.25,-6.06,   0.256
76.02,33.25,  12.544
111.03,67.12,  18.944
117.6,67.63,   0.240
123.65,-13.46,  74.368
84.53,8.96,  11.328
80.9,53.44,
76.09,37.59,  52.672
98.44,-5.62,   0.685
169.56,33.6,   0.496
77.12,28.11, 149.248
77.06,28.97,  18.752
154.01,61.54,  21.824
167.84,46.51,  12.800
164.1,14.91,   0.207
167.16,23.71,  66.944
114.1,-11.68,
141.31,-8.37,  13.056
77.36,40.84,   9.952
108.62,-10.04, 174.656
78.75,46.47, 195.200
78.13,43.67,   0.768
147.13,-4.71,   9.150
87.67,57.97,  32.960
108.41,65.49,  22.720
157.07,4.86,   0.084
83.51,13.08,   4.032
164.99,18.96,   8.320
159.65,8.55,
167.77,42.46, 110.848
81.1,18.54,  52.160
148.19,-3.7,
94.36,61.44,   4.169
161.34,11.56,  28.768
136.07,-9.69,   0.640
166.52,25.69, 118.304
163.02,16.28,  10.048
165.27,22.37,  47.168
83.58,52.2,   0.448
82.31,17.85, 100.672
166.81,30.28,
137.91,-8.36,  36.800
155.71,4.91, 110.464
164.77,47.24,  63.232
95.78,-0.85,  90.112
102.47,-5.62,   2.290
90.52,4.75,  26.432
141.61,-6.4,   1.280
162.05,15.46,
99.99,62.03,
155.79,5.81,   0.088
163.75,47.59,   0.067
132.09,64.25,
89.15,55.57,
128.6,-9.88,
120.87,-10.17,   0.068
81.62,44.46,  12.128
141.82,62.07,   0.680
93.17,3.31,   0.034
164.26,43.69,   3.456
145.22,-3.01,   2.347
114.09,63.63,
161.11,49.72,   0.392
118.74,-9.49,   0.074
81.28,41,  48.064
138.24,-6.52,  10.336
149.56,0.71,   8.064
114.63,63.45,
111.18,-7.71,   3.264
91.98,5.51,  16.832
110.4,-7.18,  26.560
138.32,-6.07,  30.080
84,19.93,   3.392
163.41,42.73,  18.432
95.43,2.33,  32.000
153.22,5.41,  10.304
162.56,22.87,  18.432
162.39,44.79,  80.832
96.94,58.2,   4.672
152.5,4.77,  22.048
144.23,-2.38,  13.088
102.84,-2.98,  58.560
107.09,-5.23,   7.104
126.53,62.77,   6.784
147.47,0.29,  22.656
83.7,23.05,   0.727
143.61,-2.29,  88.864
113.57,62,   0.131
108.22,-5.29,  52.672
157.63,13.03,
84.35,22.52,
158.67,48.74,   0.052
83.65,26.17,  35.136
144.65,-0.85,  43.776
97.5,2.74,
151.73,54.34,  65.856
119.86,-6.99,  10.112
90.35,11.69,  16.288
88.25,15.43,   7.936
89.2,49.4,
84.22,28.58,   4.800
93.19,7.98,   5.888
156.14,13.37,   6.528
161.23,38.62,
160.77,40.09,
86.87,19.85,
141.11,-1.7,   0.320
93.56,8.17,   0.144
90.94,12,
121.23,-6.32,  55.904
112.63,-4.84,  96.576
128.67,60.35,   0.192
132,60,
133.37,59.71,  16.704
132.97,-4.53,   0.020
117.41,59.96,  60.224
140.57,57.73,
135.65,-3.26,   0.128
85.89,36.76,  95.360
121.47,59.76,   0.206
123.41,-5.37,  83.008
137.82,57.88,
88.2,43.8,  15.104
95.87,7.22,
95.2,8.02,  37.696
152.19,50.88,  18.144
150.54,7.88,
153.94,49.15,   7.296
98.13,53.9,
159.07,39.53,  12.640
130.73,-4.3,
159.06,38.99,  51.712
97.13,6.2,   0.320
99.16,4.29,
109.71,-2.42,
150.82,51.5,  25.856
118.73,59.08,
132.78,58.43,  28.608
158.55,39.86,  23.296
157.46,42.79,  19.840
100.46,3.72,
86.76,31.32,   7.232
157.71,22.88,  39.648
89.34,19.46,   4.976
98.14,6.04,
102.33,2.46,  33.920
125.75,-4.33,  49.664
158.77,35.45,  25.792
149.55,8.31,
87.59,37.55,  13.184
87.58,27.19,  33.472
123.56,58.45,  24.544
88.81,22.22,
110.96,57.1,   0.032
112.43,-2.29,  14.976
141.86,55.03,
88.81,23.01,
93.26,13.08,
103.39,54.73,  37.632
137.81,-0.34,   9.536
88.07,27.66,  11.008
90.29,19.74,
92.3,46.08,
88.14,29.96,
96.35,9.64,
89.05,24.51,   1.235
92.48,15.74,  48.192
134.5,56.41,   0.456
88.34,32.3,   0.192
155.31,42.09,
111.9,-1.21,  36.224
126.45,57.25,
132.44,-1.68,  26.944
153.76,44.61,
138.38,0.95,   0.144
90.1,22.88,   3.904
110.84,55.59,
156.39,27.84,   0.311
92.59,43.67,  58.816
141.82,3.91,   0.608
135.52,0.36,
144.56,6.2,
140.48,53.43,  11.136
117.72,-1.72,  16.832
91.54,20.92,   7.808
151.79,45.19,
154.79,22.53, 144.928
120.1,56.23,   5.760
97.25,11.47,  78.208
155.28,34.31, 151.456
102.63,6.06,   1.606
138.67,53.18,
136.22,1.6,   1.664
132.79,0.46,  63.360
94.68,43.92,
154.88,34.12,
115.23,54.7,  45.248
110.34,53.67,  65.568
107.36,3.39,
98.87,10.68,  21.888
91.46,26.99,  17.664
118.67,54.81,  12.736
154.59,30.58,  12.864
96.61,45.45, 122.944
91.48,28.16,   0.064
94.56,42.72,   1.856
147.63,47.02,   0.097
146.92,11.01,
135.16,53.29,   3.008
142.26,6.64,  19.200
145.72,10.24,
153.63,26.73,   0.064
102.92,7.54,  12.212
125.73,54.21,
112.64,1.94,   2.614
149.55,16.74,  32.384
134.9,52.24,
96.67,42.74,  34.880
112.82,2.68,
106.56,50.17,  17.152
152.14,35.44,  21.696
93.67,35.12,   0.896
95.93,40.88,   3.904
129.93,2.04,   0.076
108.66,50.44,
136.11,4.69,   0.256
149.44,18.92,   0.200
151.35,24.55,  42.496
94.07,33.56,  17.440
138.31,49.83,
150.17,38.75,   0.387
149.14,40.71,   1.152
94.23,31.88,
94.91,24.73,  20.160
119.83,2.1,   2.560
98.84,43.05,   0.769
151.39,32.31,
126.58,2.37,   0.380
148.37,18.44,
99.5,43.18,
147.51,17.24,  51.136
142.95,11.1,
95.51,25.37,  74.304
149.7,22.87,   0.036
150.49,27.81,  24.192
114.18,4.28, 229.888
148.35,38.54,  63.296
129.85,50.59,   2.447
142.3,11.43,   5.056
96.56,35.6,   0.576
120.43,3.29,   0.320
99.22,40.83, 155.072
130.48,50.21,  31.232
117.1,4.17,   0.192
124.01,3.64,   0.256
132.19,5.44,  20.192
128.37,49.92,  14.528
142.34,12.77,   2.496
98.96,19.75,   4.288
141.8,44.63,
120.86,4.26,
97.18,27.19,   1.100
146.6,38.41,   4.779
106.08,45.47,  25.856
140.03,45.18,  14.016
114.19,6.22,   0.200
133.78,7.43,   0.192
124.66,49.16,
99.5,36.45,
109.44,46.13,   4.890
113.19,7.42,
132.37,47.56,
142.16,14.92,   5.952
145.88,36,   0.640
99.39,24.41,   5.760
110.79,9.24,
126.72,6.21,  67.520
141.82,41.62, 123.136
146.77,28.35,  69.952
139.46,43.46,  36.864
145.62,22.51,   1.920
99.35,26.57,
134.95,9.71,   4.928
99.78,31.81,   0.219
144.66,36.34,  20.800
102.03,19.87,
129.37,7.61,  66.432
117.83,7.33,   4.992
108.58,12.21,   4.288
133.72,9.84,  90.560
138.52,42.48,  16.896
138.95,13.99,  20.864
116.24,8.32,   2.880
133.39,45.1,   2.752
144.78,32.48,   6.656
109.42,43.41,  23.680
102.22,35.38,
104,38.26,
104.03,37.52,
107.48,15.39,   0.051
112.89,43.68,
142.4,21.97,   0.132
131.49,10.63,
112.12,11.94,  36.864
107.63,40.2,   3.584
142.73,23.93,  77.952
107.13,17.28,
120.17,10.01,
126.07,44.24,   1.536
133.61,13.03,   0.088
105.55,34.98,   2.368
104.2,27.71,
140.85,23.7,  18.240
136.74,16.84,  98.496
140.15,32.62,  48.512
120.44,42.87,  31.872
139.86,23.07,
120.53,11.46,  31.808
127.46,42.06,   0.512
137.59,35.82, 220.480
122.48,12.09,  62.336
131.83,14.74, 140.480
119.81,12.72,  33.376
132.32,15.57,   0.442
106.68,27.7,   0.268
138.95,27.58, 181.952
118.74,40.8,
112.89,38.35,   0.604
107.24,27.28,
135.19,19.06,   2.288
118.9,13.96,  23.808
125.05,40.66,   0.448
136.11,34.74,   1.141
133.24,37.59,   2.240
137.86,27.52,
137.28,24.64,  19.456
112.66,36.78,   2.964
128.34,15.69,  67.712
136.21,31.28,  26.176
119.42,15.52,
109.51,26.69,
110.17,31.28, 384.704
134.18,21.33,   0.232
124.65,15.49,  12.736
111.67,21.47,
110.98,23.14,
128.85,37.35,   3.392
111.52,22.87,
112.9,20.92,   2.470
120.65,37.88,
127,37.34,  26.624
126.79,37.07,   0.464
133.8,25.19,  15.872
112.07,28.5,  45.056
130.87,33.94,  84.352
132.44,31.76,
112.87,24.59, 133.440
132.5,31.43,  23.104
125.46,36.1,  47.296
112.9,29.68,  41.344
112.7,26.28,   0.085
113.98,31.94,
113.02,25.12,  35.168
130.56,21.64,   0.610
129.82,33.5,
127.76,34.79,
126.41,34.91,  46.656
116.35,33.18, 149.184
129.03,32.97,  30.656
131.56,25.94,
116.56,22.37,   4.955
115.05,27.16,
117.5,22.57,   3.008
129.95,25.42,  11.008
129.73,27.86,   0.360
116.38,27.86,
126.08,22.11,
125.62,32.33,
119.24,22.56,  23.264
125.88,22.22,   0.090
123.37,32.37,   0.708
127.06,30.49,  31.648
125.06,31.28,  23.552
121.29,31.16,
124.61,23.49,  42.208
122.55,30.92,   0.078
122.2,30.26,   0.344
120.04,28.3, 109.824
124.3,24.67,
124.89,27.9,  11.264
